"city","county","state","total_penjualan","population","penjualan_perkapita"
"Bevington","Madison","Iowa","269421.78000000026",23,"11713.99043478258"
"Cedar Rapids","Linn","Iowa","14314964.900000148",2089,"6852.544231689797"
"Sioux City","Woodbury","Iowa","4868396.54000002",816,"5966.172230392092"
"Des Moines","Polk","Iowa","60336706.48999947",11377,"5303.393380504321"
"Arnolds Park","Dickinson","Iowa","4656124.34999998",1022,"4555.894667318988"
"Saint Lucas","Fayette","Iowa","488045.8299999995",118,"4135.981610169504"
"Mount Vernon","Linn","Iowa","15674630.699999925",6023,"2602.4623443466635"
"Davenport","Scott","Iowa","37321900.740001805",15521,"2404.606709619315"
"Des Moines","Polk","Iowa","49753670.52000113",22687,"2193.0475831975054"
"Bancroft","Kossuth","Iowa","1958164.130000006",1120,"1748.3608303571364"
"Coralville","Johnson","Iowa","34444353.61000126",20909,"1647.3458132860892"
"Templeton","Carroll","Iowa","756465.9600000001",462,"1637.3722077922093"
"Des Moines","Polk","Iowa","25191079.15999973",15738,"1600.6531427118493"
"Floyd","Floyd","Iowa","994638.029999997",718,"1385.2897353760359"
"West Des Moines","Polk","Iowa","39066683.23000115",29636,"1318.2171423269258"
"Spirit Lake","Dickinson","Iowa","10576150.350000042",8312,"1272.3953741578366"
"Waterloo","Black Hawk","Iowa","24677570.469999284",19446,"1269.0306731461205"
"Des Moines","Polk","Iowa","10991108.779999848",8698,"1263.6363278914828"
"Milford","Dickinson","Iowa","5378843.939999953",4509,"1192.9128276779675"
"Ames","Story","Iowa","40612238.8200057",34165,"1188.708878091495"
"Iowa City","Johnson","Iowa","40816802.66000353",36402,"1121.279123674561"
"Council Bluffs","Pottawattamie","Iowa","37248139.61000016",35426,"1051.4350931519896"
"Ankeny","Polk","Iowa","29600073.7200016",28306,"1045.71729385996"
"Cedar Rapids","Linn","Iowa","8369244.709999952",8033,"1041.8579248101992"
"Waterloo","Black Hawk","Iowa","20102725.629999027",19306,"1041.2682912046707"
"De Witt","Clinton","Iowa","7728035.72999996",7541,"1024.8025102771583"
"West Burlington","Des Moines","Iowa","4213414.330000026",4163,"1012.1100960845403"
"Cedar Rapids","Linn","Iowa","42007649.620001",41531,"1011.4769598612795"
"Sioux City","Woodbury","Iowa","4760937.560000027",5084,"936.455066876422"
"Wesley","Kossuth","Iowa","561609.9199999974",604,"929.8177483443749"
"Pleasant Valley","Scott","Iowa","89757.39000000009",103,"871.4309708737853"
"Clear Lake","Cerro Gordo","Iowa","8087765.899999971",9374,"862.7870599530788"
"Mason City","Cerro Gordo","Iowa","24820008.99000033",28957,"857.1333007563003"
"Keokuk","Lee","Iowa","10736546.370000003",12577,"853.6651323845277"
"Algona","Kossuth","Iowa","5628626.659999901",6767,"831.7757736072084"
"Carroll","Carroll","Iowa","10064845.00000007",12164,"827.4288885235547"
"Toledo","Tama","Iowa","2829106.450000005",3436,"823.3720750873085"
"Sioux City","Woodbury","Iowa","21525921.749999482",26474,"813.0966892044894"
"West Des Moines","Polk","Iowa","26074437.110000648",32532,"801.5012022009273"
"Davenport","Scott","Iowa","22041989.229999296",27648,"797.2363002748962"
"Sheldon","O'Brien","Iowa","4586816.579999927",5845,"784.7419298545693"
"Earling","Shelby","Iowa","509364.4099999999",651,"782.4338095238102"
"Altoona","Polk","Iowa","15315127.52",19840,"771.9318306451545"
"Urbandale","Polk","Iowa","23444687.629999723",31118,"753.4124182145385"
"Washington","Washington","Iowa","7128722.899999931",9488,"751.3409464586925"
"Melcher Dallas","Marion","Iowa","526562.8199999981",701,"751.1595149785974"
"Larchwood","Lyon","Iowa","1364816.4000000039",1835,"743.7691553133504"
"Dubuque","Dubuque","Iowa","12703402.779999934",17170,"739.8603832265709"
"Davenport","Scott","Iowa","875438.610000003",1191,"735.0450125944526"
"Denison","Crawford","Iowa","6877994.169999978",9633,"714.0033395619373"
"Iowa Falls","Hardin","Iowa","4615293.75000003",6470,"713.3375193199347"
"Atlantic","Cass","Iowa","5889839.169999991",8350,"705.369960479051"
"Lake View","Sac","Iowa","1022513.8800000006",1486,"688.0981695827722"
"Sioux City","Woodbury","Iowa","2168079.430000012",3166,"684.8008307012003"
"Bettendorf","Scott","Iowa","25505863.759999715",37476,"680.5919457786124"
"Spencer","Clay","Iowa","8313353.499999884",12232,"679.6397563767064"
"Emmetsburg","Palo Alto","Iowa","3012084.159999987",4447,"677.32947155387"
"Storm Lake","Buena Vista","Iowa","8502868.630000079",12572,"676.3338076678424"
"Humboldt","Humboldt","Iowa","3741255.2000000067",5557,"673.250890768395"
"Cedar Falls","Black Hawk","Iowa","29404021.830001056",43717,"672.5992595557848"
"Waverly","Bremer","Iowa","8307579.64999996",12526,"663.2268601309187"
"Fort Dodge","Webster","Iowa","18565730.05999962",28077,"661.2433685935054"
"Shenandoah","Page","Iowa","3736334.780000018",5684,"657.3425017593245"
"Harlan","Shelby","Iowa","4331186.190000012",6716,"644.9056268612256"
"Grimes","Polk","Iowa","9194064.450000014",14472,"635.3001969320238"
"Ida Grove","Ida","Iowa","1687454.040000002",2693,"626.607515781661"
"Le Mars","Plymouth","Iowa","7325295.140000012",12026,"609.1214984200828"
"Sioux City","Woodbury","Iowa","6406004.219999998",10531,"608.2997075301414"
"Mapleton","Monona","Iowa","1062930.210000001",1757,"604.9688161639152"
"Sac City","Sac","Iowa","1574698.0699999947",2628,"599.200178843236"
"Holstein","Ida","Iowa","1148800.9000000027",1924,"597.0898648648684"
"Creston","Union","Iowa","5439205.190000001",9383,"579.6872205051692"
"Oelwein","Fayette","Iowa","3802593.139999977",6669,"570.1894047083512"
"Davenport","Scott","Iowa","6009758.830000082",10562,"568.998185002863"
"Des Moines","Polk","Iowa","4565634.150000026",8040,"567.8649440298509"
"Dubuque","Dubuque","Iowa","24342183.209999457",43328,"561.8118355335872"
"Montezuma","Poweshiek","Iowa","1375968.899999985",2468,"557.5238654781215"
"Waukon","Allamakee","Iowa","3405685.0399999963",6128,"555.7580026109677"
"Jefferson","Greene","Iowa","2759789.330000013",5024,"549.3211246019088"
"Red Oak","Montgomery","Iowa","3495008.639999997",6380,"547.8069968652061"
"Centerville","Appanoose","Iowa","3959794.920000011",7309,"541.7697249965775"
"Des Moines","Polk","Iowa","20576674.7499986",37983,"541.7337953821194"
"Cedar Rapids","Linn","Iowa","21768633.929999344",40279,"540.4462357555724"
"Osceola","Clarke","Iowa","3752295.1199999494",6953,"539.6656292247925"
"Swisher","Johnson","Iowa","1878344.349999996",3489,"538.361808541128"
"West Bend","Palo Alto","Iowa","566034.2899999996",1052,"538.0554087452471"
"Waukee","Dallas","Iowa","13649226.379999688",25402,"537.328807967886"
"Cresco","Howard","Iowa","3066270.080000009",5722,"535.8738343236648"
"Muscatine","Muscatine","Iowa","16083894.380000092",30263,"531.470587185722"
"Stuart","Guthrie","Iowa","1217090.0400000014",2293,"530.7850152638455"
"Anamosa","Jones","Iowa","4666203.040000019",8855,"526.9568650479914"
"Marshalltown","Marshall","Iowa","16160915.919999685",30828,"524.228490982215"
"Baldwin","Jackson","Iowa","247058.9199999997",472,"523.4299152542376"
"Marquette","Clayton","Iowa","134016.38",257,"521.4645136186771"
"Janesville","Bremer","Iowa","1143410.8800000004",2194,"521.15354603464"
"Pocahontas","Pocahontas","Iowa","1035638.5299999982",1996,"518.856978957916"
"Dyersville","Dubuque","Iowa","2942026.1499999557",5776,"509.3535578254807"
"Forest City","Winnebago","Iowa","2864540.020000011",5652,"506.81882873318744"
"Ottumwa","Wapello","Iowa","14769160.490000008",29478,"501.02315252053324"
"Independence","Buchanan","Iowa","4530180.659999931",9046,"500.79379394206717"
"Clinton","Clinton","Iowa","13341335.599999823",26721,"499.2827963025457"
"Cherokee","Cherokee","Iowa","3135303.0000000177",6317,"496.327845496273"
"Mount Pleasant","Henry","Iowa","6058962.989999859",12247,"494.73038213441646"
"Boone","Boone","Iowa","8199035.040000054",16676,"491.6667690093394"
"Grinnell","Poweshiek","Iowa","5602366.369999902",11411,"490.96191131365265"
"Winterset","Madison","Iowa","4142366.1799999634",8457,"489.815085727802"
"Indianola","Warren","Iowa","9974261.809999961",20622,"483.6709247405746"
"Council Bluffs","Pottawattamie","Iowa","17613123.420000114",36914,"477.13938939157697"
"De Soto","Dallas","Iowa","505511.18000000005",1061,"476.44786050895516"
"Des Moines","Polk","Iowa","16915968.339999422",35795,"472.57908478835725"
"Decorah","Winneshiek","Iowa","6346255.249999911",13531,"469.01598181953"
"Charles City","Floyd","Iowa","4781812.269999987",10214,"468.1625484628912"
"Hampton","Franklin","Iowa","2475614.7000000468",5289,"468.0685762904121"
"Northwood","Worth","Iowa","1348507.1700000006",2906,"464.0423847212676"
"Newton","Jasper","Iowa","9514726.160000086",20610,"461.6558059194576"
"Fort Madison","Lee","Iowa","5723064.0799999405",12398,"461.61187933537497"
"Marengo","Iowa","Iowa","1623997.7699999993",3527,"460.4473405160197"
"Le Claire","Scott","Iowa","2570622.1600000067",5589,"459.9431311504691"
"Knoxville","Marion","Iowa","5438573.229999906",11940,"455.4918953098754"
"Lawler","Chickasaw","Iowa","382586.11999999965",842,"454.37781472684156"
"Burlington","Des Moines","Iowa","12918384.069999656",28735,"449.56965616844434"
"Oskaloosa","Mahaska","Iowa","6634203.990000125",14896,"445.36815185284036"
"Estherville","Emmet","Iowa","3040308.3899999512",6873,"442.3553601047471"
"Belmond","Wright","Iowa","1276503.059999999",2899,"440.32530527767966"
"Guttenberg","Clayton","Iowa","1338624.990000006",3068,"436.3184452412004"
"Pacific Junction","Mills","Iowa","516508.8799999987",1184,"436.2406081081086"
"Orange City","Sioux","Iowa","3110710.7500000084",7180,"433.2466225626724"
"Maquoketa","Jackson","Iowa","3630281.1800000267",8403,"432.02203736760896"
"Onawa","Monona","Iowa","1505306.440000006",3500,"430.0875542857044"
"Sutherland","O'Brien","Iowa","351945.66000000143",819,"429.726080586079"
"Cedar Rapids","Linn","Iowa","10536297.399999937",24848,"424.0299983902123"
"Riverside","Washington","Iowa","1287827.5600000026",3042,"423.3489677843502"
"Raymond","Black Hawk","Iowa","303189.2799999999",718,"422.2691922005557"
"Pella","Marion","Iowa","5820304.889999974",13785,"422.2201588683372"
"Keosauqua","Van Buren","Iowa","739322.8099999991",1752,"421.98790525114055"
"Corwith","Hancock","Iowa","173230.76000000024",412,"420.46300970873824"
"Sibley","Osceola","Iowa","1329323.1200000006",3164,"420.1400505688984"
"Sioux Center","Sioux","Iowa","3707600.7099999823",8826,"420.07712553818703"
"Rock Rapids","Lyon","Iowa","1528502.4500000067",3649,"418.88255686489714"
"Webster City","Hamilton","Iowa","3731829.4099999424",8988,"415.2013139741914"
"Tipton","Cedar","Iowa","2083486.5300000142",5038,"413.55429337038584"
"Eldora","Hardin","Iowa","1301027.8899999992",3200,"406.5712156250029"
"Le Grand","Marshall","Iowa","402072.8199999991",989,"406.5448129423686"
"Des Moines","Polk","Iowa","6439093.829999814",15883,"405.4079097147752"
"Belle Plaine","Benton","Iowa","1254900.8000000003",3102,"404.5457124435844"
"Fairfield","Jefferson","Iowa","5531751.139999986",13806,"400.67732435172667"
"Vinton","Benton","Iowa","3022533.489999998",7551,"400.28254403389735"
"Holy Cross","Dubuque","Iowa","393040.2399999988",982,"400.24464358452104"
"Manchester","Delaware","Iowa","3121045.9800000126",7826,"398.80475083055956"
"Johnston","Polk","Iowa","8547221.959999856",21439,"398.67633564998505"
"Dubuque","Dubuque","Iowa","5341504.219999904",13453,"397.04929904111435"
"Chariton","Lucas","Iowa","2524278.7999999896",6403,"394.2337654224574"
"Perry","Dallas","Iowa","3492286.3899999578",8898,"392.4799269498686"
"Sioux City","Woodbury","Iowa","6550618.740000056",16938,"386.74098122564175"
"Panora","Guthrie","Iowa","979953.0399999991",2598,"377.1951655119317"
"Greenfield","Adair","Iowa","930715.240000003",2488,"374.0816881028958"
"Dunlap","Harrison","Iowa","704522.5899999975",1884,"373.95041932059587"
"Eldridge","Scott","Iowa","3815867.0600000178",10272,"371.48238512461046"
"Hudson","Black Hawk","Iowa","1025764.5300000012",2773,"369.9114785430945"
"Elma","Howard","Iowa","460693.99999999953",1287,"357.9595959595973"
"Tiffin","Johnson","Iowa","1150697.8200000084",3236,"355.5926514215086"
"Clarinda","Page","Iowa","2481428.0300000133",7006,"354.18613045960353"
"Ellsworth","Hamilton","Iowa","295709.1399999997",839,"352.45427890345627"
"Windsor Heights","Polk","Iowa","1740840.6400000057",4953,"351.47196446597735"
"Des Moines","Polk","Iowa","5789429.959999979",16520,"350.44975544794397"
"Avoca","Pottawattamie","Iowa","618488.1600000001",1784,"346.6861883408065"
"Buffalo Center","Winnebago","Iowa","508185.9400000003",1467,"346.41168370824846"
"Adel","Dallas","Iowa","2665599.7300000098",7714,"345.55350401866815"
"Evansdale","Black Hawk","Iowa","2876631.18999999",8329,"345.37533797574025"
"Monona","Clayton","Iowa","790238.7699999947",2295,"344.33061873638854"
"Dayton","Webster","Iowa","400194.1999999994",1172,"341.4626279863489"
"Davenport","Scott","Iowa","9650717.79000001",28288,"341.15942413744017"
"Corning","Adams","Iowa","855283.8400000012",2538,"336.99126871552534"
"Eagle Grove","Wright","Iowa","1320080.8400000087",3982,"331.51201406328283"
"Rockwell","Cerro Gordo","Iowa","485019.0099999987",1465,"331.0709965870317"
"West Point","Lee","Iowa","779717.2399999986",2385,"326.9254675052416"
"Davenport","Scott","Iowa","7011684.629999941",21583,"324.87071445118875"
"Polk City","Polk","Iowa","2126543.950000011",6584,"322.9866266707191"
"Albia","Monroe","Iowa","1874076.6100000022",5880,"318.72051190476003"
"Saint Ansgar","Mitchell","Iowa","734987.3999999998",2325,"316.1236129032265"
"Marion","Linn","Iowa","13006994.350000069",41179,"315.8647453799317"
"Monticello","Jones","Iowa","1986390.8300000057",6343,"313.16267223711156"
"Ankeny","Polk","Iowa","11889049.650000118",38469,"309.0553341651704"
"Gowrie","Webster","Iowa","431465.38999999955",1400,"308.18956428571397"
"Missouri Valley","Harrison","Iowa","1472383.6400000127",4877,"301.90355546442754"
"Sioux Rapids","Buena Vista","Iowa","393001.2399999997",1302,"301.84427035330305"
"Nevada","Story","Iowa","2427051.8600000003",8044,"301.7220114370964"
"Huxley","Story","Iowa","1251984.070000006",4180,"299.51772009569333"
"West Union","Fayette","Iowa","1057252.740000003",3535,"299.0813974540318"
"Lake City","Calhoun","Iowa","621957.679999999",2093,"297.160860009556"
"Cedar Rapids","Linn","Iowa","6922312.909999928",23408,"295.72423573137075"
"Oakland","Pottawattamie","Iowa","604557.2600000015",2049,"295.04990727183645"
"Laurens","Pocahontas","Iowa","478076.3999999977",1625,"294.20086153846063"
"Grand Mound","Clinton","Iowa","291148.3699999998",993,"293.20077542799646"
"North Liberty","Johnson","Iowa","5940256.409999962",20321,"292.3210673687381"
"Mount Ayr","Ringgold","Iowa","775274.4499999997",2666,"290.80061890472587"
"Sioux City","Woodbury","Iowa","6649545.730000023",22981,"289.3497119359467"
"Waterloo","Black Hawk","Iowa","8850920.93999997",30817,"287.2090385176994"
"Sigourney","Keokuk","Iowa","838583.6199999971",2972,"282.161379542395"
"Paullina","O'Brien","Iowa","425790.8700000008",1510,"281.980708609272"
"Correctionville","Woodbury","Iowa","374025.17000000004",1339,"279.3317176997756"
"Moravia","Appanoose","Iowa","412040.22999999864",1482,"278.02984480431815"
"Rock Valley","Sioux","Iowa","1341387.680000004",4834,"277.4902110053795"
"Allison","Butler","Iowa","427074.4999999999",1549,"275.7098127824415"
"Grundy Center","Grundy","Iowa","908878.7600000018",3304,"275.0843704600511"
"Bellevue","Jackson","Iowa","1400976.7400000016",5102,"274.59363778910273"
"Coon Rapids","Carroll","Iowa","523626.02000000025",1916,"273.2912421711912"
"Manning","Carroll","Iowa","611609.7299999967",2296,"266.38054442508707"
"Story City","Story","Iowa","1172803.9700000053",4421,"265.2802465505506"
"Garner","Hancock","Iowa","1104576.569999999",4167,"265.07717062635055"
"Williamsburg","Iowa","Iowa","1171331.0300000042",4425,"264.7075774011324"
"Des Moines","Polk","Iowa","4966964.4499999955",18834,"263.72329032600055"
"Anita","Cass","Iowa","349810.54000000004",1330,"263.0154436090231"
"Sergeant Bluff","Woodbury","Iowa","1419734.2000000104",5425,"261.7021566820279"
"Hiawatha","Linn","Iowa","1858410.1300000031",7139,"260.3179899145547"
"Lake Mills","Winnebago","Iowa","733333.920000003",2826,"259.49537154989366"
"Colfax","Jasper","Iowa","776038.0400000028",2996,"259.0247129506006"
"Britt","Hancock","Iowa","668374.0799999968",2599,"257.1658637937654"
"Buffalo","Scott","Iowa","274858.8299999997",1070,"256.87741121495276"
"North English","Iowa","Iowa","423646.41999999934",1650,"256.7554060606055"
"Okoboji","Dickinson","Iowa","215891.74999999994",845,"255.49319526627187"
"Osage","Mitchell","Iowa","1412457.7399999963",5532,"255.32497107736978"
"New Hampton","Chickasaw","Iowa","1446989.3100000042",5670,"255.2009365079374"
"Martensdale","Warren","Iowa","121549.26",478,"254.2871548117155"
"Hartley","O'Brien","Iowa","582967.5200000018",2302,"253.24392701998204"
"Des Moines","Polk","Iowa","8035124.71999993",31832,"252.4228675546614"
"Traer","Tama","Iowa","602771.1099999985",2407,"250.42422517656928"
"Fort Atkinson","Winneshiek","Iowa","290033.3399999995",1167,"248.52899742930623"
"Durant","Cedar","Iowa","497418.6300000007",2005,"248.08909226932565"
"Audubon","Audubon","Iowa","759077.71",3064,"247.74076697127816"
"Glenwood","Mills","Iowa","2341533.550000005",9470,"247.25803062302418"
"Carlisle","Warren","Iowa","1487693.4299999988",6077,"244.8072124403473"
"Clive","Polk","Iowa","4144787.4499999993",17186,"241.17231758408678"
"Parkersburg","Butler","Iowa","693186.4499999982",2883,"240.43928199791745"
"Brooklyn","Poweshiek","Iowa","630934.4599999995",2628,"240.08160578386577"
"Harpers Ferry","Allamakee","Iowa","209418.4700000002",877,"238.78958950969184"
"Lansing","Allamakee","Iowa","434113.580000002",1849,"234.7828988642508"
"Norwalk","Warren","Iowa","3075012.4000000153",13152,"233.80568734793545"
"Manson","Calhoun","Iowa","585623.4999999987",2561,"228.66985552518585"
"Hawarden","Sioux","Iowa","746787.0199999985",3268,"228.51499999999956"
"Urbana","Benton","Iowa","345633.1600000001",1517,"227.8399208965063"
"Pleasant Hill","Polk","Iowa","2589900.590000004",11400,"227.1842622807009"
"Remsen","Plymouth","Iowa","610506.6899999985",2720,"224.45098897058813"
"Marcus","Cherokee","Iowa","353022.6000000003",1579,"223.5735275490813"
"Clermont","Fayette","Iowa","148330.72",667,"222.38488755622205"
"Alden","Hardin","Iowa","378358.1100000008",1715,"220.61697376093372"
"Fayette","Fayette","Iowa","381847.10999999975",1743,"219.07464716006888"
"Sloan","Woodbury","Iowa","354027.7099999996",1618,"218.8057540173047"
"George","Lyon","Iowa","378802.26999999955",1753,"216.08800342270467"
"Anthon","Woodbury","Iowa","207866.77000000025",963,"215.85334371754934"
"Woodbine","Harrison","Iowa","476664.38000000105",2217,"215.00423094271434"
"Palo","Linn","Iowa","452344.54999999946",2112,"214.17829071969732"
"Corydon","Wayne","Iowa","527221.8499999996",2473,"213.19120501415316"
"Shellsburg","Benton","Iowa","437503.42999999825",2053,"213.10444715051273"
"Minden","Pottawattamie","Iowa","233326.56000000006",1116,"209.0739784946237"
"Adair","Adair","Iowa","295848.6499999995",1417,"208.78521524347266"
"Alburnett","Linn","Iowa","220237.99999999983",1056,"208.55871212121235"
"Swea City","Kossuth","Iowa","184129.3500000001",889,"207.1196287964003"
"Cumming","Warren","Iowa","375671.3899999998",1848,"203.28538419913406"
"Guthrie Center","Guthrie","Iowa","528883.3799999998",2603,"203.18224356511828"
"Iowa City","Johnson","Iowa","4670365.609999908",23032,"202.7772494789844"
"Clarion","Wright","Iowa","683455.1199999985",3383,"202.02634348211632"
"Columbus Junction","Louisa","Iowa","716760.1500000042",3566,"200.9983595064481"
"Inwood","Lyon","Iowa","418467.2199999994",2103,"198.98583927722348"
"Cascade","Dubuque","Iowa","635385.2699999996",3199,"198.6199656142541"
"West Liberty","Muscatine","Iowa","982083.630000005",4959,"198.04065940713932"
"Peosta","Dubuque","Iowa","917309.1999999995",4650,"197.27079569892356"
"Zwingle","Jackson","Iowa","143582.80000000005",729,"196.95857338820286"
"Victor","Iowa","Iowa","244829.5700000004",1259,"194.46351866560815"
"Tripoli","Bremer","Iowa","426474.39000000054",2196,"194.20509562841545"
"Humeston","Wayne","Iowa","144973.11000000002",757,"191.51005284015878"
"Mediapolis","Des Moines","Iowa","483975.2499999977",2558,"189.2006450351824"
"Livermore","Humboldt","Iowa","127954.83000000005",688,"185.98085755813958"
"Central City","Linn","Iowa","612280.0699999977",3320,"184.42170783132565"
"Elkader","Clayton","Iowa","415360.6199999996",2269,"183.05888937858106"
"Graettinger","Palo Alto","Iowa","253273.99000000028",1399,"181.03930664760543"
"Lohrville","Calhoun","Iowa","112996.42000000003",627,"180.21757575757576"
"Carter Lake","Pottawattamie","Iowa","682140.5599999985",3796,"179.69983140147545"
"Goldfield","Wright","Iowa","172280.86000000004",967,"178.16014477766254"
"Conrad","Grundy","Iowa","271210.49999999994",1546,"175.42723156532995"
"Walford","Benton","Iowa","238712.66",1367,"174.6252084857349"
"Bondurant","Polk","Iowa","1456486.109999993",8341,"174.61768492986494"
"Stratford","Hamilton","Iowa","219450.11",1257,"174.5824264120924"
"Fredericksburg","Chickasaw","Iowa","300396.34999999974",1738,"172.8402474108169"
"Hubbard","Hardin","Iowa","244968.4199999999",1420,"172.51297183098632"
"Hills","Johnson","Iowa","127489.41999999998",740,"172.28299999999996"
"Norway","Benton","Iowa","147924.13000000032",859,"172.20504074505226"
"Leon","Decatur","Iowa","450963.34000000026",2622,"171.992120518688"
"Dakota City","Humboldt","Iowa","145021.16000000006",846,"171.41981087470432"
"Hazleton","Buchanan","Iowa","232904.0100000002",1376,"169.26163517441833"
"Bedford","Taylor","Iowa","387699.13000000047",2294,"169.0057236268533"
"Sanborn","O'Brien","Iowa","341099.29000000044",2030,"168.0292068965511"
"Wellman","Washington","Iowa","429561.8000000011",2573,"166.9497862417411"
"Farmington","Van Buren","Iowa","186514.75",1122,"166.2341800356511"
"Greene","Butler","Iowa","276649.0700000006",1695,"163.21479056047184"
"Winthrop","Buchanan","Iowa","306157.33",1897,"161.3902635740647"
"Logan","Harrison","Iowa","455981.1899999986",2830,"161.1240954063604"
"Armstrong","Emmet","Iowa","222565.74000000014",1384,"160.8133959537571"
"Riceville","Mitchell","Iowa","268902.90000000026",1680,"160.06124999999997"
"Lisbon","Linn","Iowa","538084.2700000001",3362,"160.04886079714475"
"Center Point","Linn","Iowa","642481.3200000003",4021,"159.78147724446558"
"Sumner","Bremer","Iowa","589045.1300000001",3733,"157.79403428877612"
"Lake Park","Dickinson","Iowa","234204.40999999977",1517,"154.3865589980221"
"Denver","Bremer","Iowa","488315.56999999937",3213,"151.9811920323698"
"Walnut","Pottawattamie","Iowa","172524.2900000002",1138,"151.60306678383128"
"Primghar","O'Brien","Iowa","183437.43000000025",1216,"150.85314967105265"
"Colo","Story","Iowa","222125.09999999992",1474,"150.6954545454546"
"Wellsburg","Grundy","Iowa","163006.6600000001",1090,"149.54739449541302"
"Kalona","Washington","Iowa","761043.94",5130,"148.35164522417165"
"Kingsley","Plymouth","Iowa","343666.5399999997",2327,"147.68652342071306"
"Jewell","Hamilton","Iowa","213123.3299999995",1447,"147.28633724948182"
"Camanche","Clinton","Iowa","746854.1899999974",5076,"147.13439519306587"
"Exira","Audubon","Iowa","212713.08999999997",1458,"145.8937517146775"
"Glidden","Carroll","Iowa","225522.63000000024",1555,"145.0306302250802"
"Doon","Lyon","Iowa","195820.39999999997",1374,"142.51848617176137"
"Gladbrook","Tama","Iowa","225646.84999999986",1584,"142.45381944444443"
"Gilmore City","Humboldt","Iowa","118492.02000000006",837,"141.56752688172054"
"Wilton","Muscatine","Iowa","607454.8799999973",4331,"140.25741861002004"
"Strawberry Point","Clayton","Iowa","319703.23999999976",2302,"138.88064291920097"
"Wall Lake","Sac","Iowa","151967.25999999995",1095,"138.78288584474882"
"Kellogg","Jasper","Iowa","206617.02000000034",1498,"137.9285847797064"
"Edgewood","Clayton","Iowa","213754.0800000001",1561,"136.934067905189"
"Early","Sac","Iowa","139594.28999999995",1024,"136.32254882812495"
"Lamoni","Decatur","Iowa","397930.19999999914",2940,"135.3504081632654"
"Otho","Webster","Iowa","87688.88000000008",650,"134.90596923076927"
"Madrid","Boone","Iowa","648259.2300000023",4820,"134.4936161825742"
"Monroe","Jasper","Iowa","386001.9000000004",2875,"134.2615304347826"
"Solon","Johnson","Iowa","911833.4099999976",6808,"133.93557726204367"
"Middletown","Des Moines","Iowa","78366.43",591,"132.59971235194575"
"Lost Nation","Clinton","Iowa","102078.18000000002",770,"132.56906493506503"
"Schleswig","Crawford","Iowa","140197.19999999995",1060,"132.2615094339621"
"New Virginia","Warren","Iowa","194966.78000000014",1493,"130.58726054922957"
"La Porte City","Black Hawk","Iowa","511464.5500000006",3920,"130.47565051020416"
"West Branch","Cedar","Iowa","480098.09999999875",3723,"128.9546333601932"
"Odebolt","Sac","Iowa","180743.29000000004",1419,"127.3737068357998"
"Shelby","Shelby","Iowa","120567.66000000018",948,"127.181075949367"
"Blue Grass","Scott","Iowa","605568.2300000004",4780,"126.68791422594096"
"Wapello","Louisa","Iowa","456620.0099999982",3611,"126.45250900027696"
"Amana","Iowa","Iowa","279609.17999999993",2214,"126.29140921409189"
"Scranton","Greene","Iowa","132297",1058,"125.0444234404536"
"Lenox","Taylor","Iowa","250417.69000000003",2037,"122.93455571919563"
"Neola","Pottawattamie","Iowa","216867.2499999997",1765,"122.87096317280455"
"Truro","Madison","Iowa","122272.47000000013",1008,"121.30205357142852"
"Dows","Wright","Iowa","128496.16000000005",1069,"120.20220767072024"
"Dexter","Dallas","Iowa","164466.28999999992",1371,"119.96082421590054"
"Manly","Worth","Iowa","216191.74000000034",1813,"119.24530612244912"
"Baxter","Jasper","Iowa","185412.66999999993",1555,"119.23644372990344"
"Tabor","Fremont","Iowa","186011.55000000028",1561,"119.16178731582323"
"Clarence","Cedar","Iowa","143900.66000000006",1224,"117.56589869281055"
"Stanwood","Cedar","Iowa","93252.06000000013",794,"117.44591939546594"
"Gilbertville","Black Hawk","Iowa","95876.51000000004",822,"116.63809002433086"
"Atkins","Benton","Iowa","301368.88",2614,"115.29031369548602"
"Afton","Union","Iowa","202391.99000000028",1760,"114.99544886363648"
"Rockwell City","Calhoun","Iowa","322435.0299999999",2827,"114.05554651574114"
"Iowa City","Johnson","Iowa","2864610.0599999772",25195,"113.69756142091731"
"Crescent","Pottawattamie","Iowa","189862.86000000007",1673,"113.48646742378946"
"Lovilia","Monroe","Iowa","109338.59",974,"112.25727926078031"
"Slater","Story","Iowa","226810.07000000024",2026,"111.94968904244831"
"State Center","Marshall","Iowa","293032.4499999997",2619,"111.88715158457475"
"Albion","Marshall","Iowa","117554.18",1057,"111.21492904446534"
"Ackley","Hardin","Iowa","289648.39999999985",2638,"109.7984836997725"
"Sully","Jasper","Iowa","148026.96000000014",1360,"108.84335294117646"
"New Sharon","Mahaska","Iowa","230249.46000000025",2125,"108.35268705882353"
"Allerton","Wayne","Iowa","91038.9399999999",844,"107.86604265402848"
"Eddyville","Wapello","Iowa","203643.61000000004",1889,"107.8049814716783"
"Maxwell","Story","Iowa","196877.04999999996",1831,"107.52433096668473"
"Malvern","Mills","Iowa","172899.39000000033",1610,"107.39092546583872"
"Stanton","Montgomery","Iowa","116969.50000000009",1096,"106.723996350365"
"Rolfe","Pocahontas","Iowa","89412.93000000002",841,"106.3173959571939"
"New Hartford","Butler","Iowa","141138.00000000006",1332,"105.95945945945961"
"Arlington","Fayette","Iowa","78313.05000000006",742,"105.54319407008074"
"Griswold","Cass","Iowa","194112.29000000004",1840,"105.49580978260877"
"Latimer","Franklin","Iowa","103663.57",983,"105.45632756866728"
"Nichols","Muscatine","Iowa","84273.34000000001",801,"105.21016229712868"
"Grand Junction","Greene","Iowa","107159.63999999998",1040,"103.0381153846154"
"Wheatland","Clinton","Iowa","123794.73000000005",1202,"102.9906239600667"
"Earlham","Madison","Iowa","240806.61000000004",2367,"101.73494296577957"
"Redfield","Dallas","Iowa","137563.93000000005",1357,"101.37356669123065"
"Sheffield","Franklin","Iowa","151245.99000000005",1519,"99.56944700460818"
"Maynard","Fayette","Iowa","76422.70000000001",768,"99.5087239583334"
"Pleasantville","Marion","Iowa","273924.2999999997",2776,"98.67590057636875"
"What Cheer","Keokuk","Iowa","104252.7300000001",1059,"98.44450424929191"
"Eldon","Wapello","Iowa","126658.15000000008",1306,"96.9817381316998"
"Mechanicsville","Cedar","Iowa","150528.7400000001",1601,"94.02169893816367"
"Montrose","Lee","Iowa","175434.19000000006",1888,"92.92065148305106"
"Fairbank","Buchanan","Iowa","240941.23000000045",2605,"92.49183493282132"
"Blairstown","Benton","Iowa","100366.5",1100,"91.2422727272727"
"Akron","Plymouth","Iowa","211781.1200000001",2330,"90.89318454935628"
"Mitchellville","Polk","Iowa","271607.07999999984",2989,"90.86887922382056"
"Dysart","Tama","Iowa","179311.96999999994",1974,"90.8368642350557"
"Ames","Story","Iowa","2693450.0800000126",29706,"90.67023766242524"
"Winfield","Henry","Iowa","128976.6699999999",1434,"89.94188981868894"
"Van Horne","Benton","Iowa","127980.40999999996",1431,"89.43424877707902"
"Reinbeck","Grundy","Iowa","201043.98999999993",2259,"88.99689685701648"
"Nashua","Chickasaw","Iowa","204490.58999999997",2305,"88.71609110629069"
"Treynor","Pottawattamie","Iowa","133892.87000000002",1521,"88.02950032873122"
"Garwin","Tama","Iowa","89358.71000000008",1024,"87.26436523437508"
"Fonda","Pocahontas","Iowa","96233.21999999997",1103,"87.24679963735274"
"Delmar","Clinton","Iowa","86409.47000000003",993,"87.01860020140995"
"Walker","Linn","Iowa","135406.14000000007",1568,"86.35595663265316"
"Clarksville","Butler","Iowa","194972.99000000005",2306,"84.55029921942753"
"Essex","Page","Iowa","97491.43000000004",1154,"84.48130849220107"
"Ogden","Boone","Iowa","235329.81000000032",2813,"83.65794880910072"
"Martelle","Jones","Iowa","54207.199999999975",654,"82.88562691131497"
"Dallas Center","Dallas","Iowa","196557.65000000008",2380,"82.58724789915985"
"Hull","Sioux","Iowa","261078.3400000002",3168,"82.41109217171716"
"Roland","Story","Iowa","134811",1650,"81.70363636363643"
"Farley","Dubuque","Iowa","195488.53000000017",2402,"81.38573272273106"
"Robins","Linn","Iowa","243858.9000000002",3059,"79.71850277868583"
"Princeton","Scott","Iowa","125498.05000000005",1580,"79.42914556962018"
"Granger","Dallas","Iowa","237385.8300000002",3023,"78.52657294078742"
"Nora Springs","Floyd","Iowa","178348.78000000003",2283,"78.12035917652219"
"Bloomfield","Davis","Iowa","566680.0099999981",7316,"77.4576284855116"
"Whittemore","Kossuth","Iowa","71930.21999999999",936,"76.84852564102567"
"Ruthven","Palo Alto","Iowa","102608.50000000015",1358,"75.55854197349046"
"Cambridge","Story","Iowa","129306.11999999995",1765,"73.26125779036823"
"Springville","Linn","Iowa","172535.23000000013",2394,"72.06985380116956"
"Oxford","Johnson","Iowa","174614.1800000002",2498,"69.90159327461978"
"Rockford","Floyd","Iowa","93957.15000000005",1383,"67.9372017353579"
"Fremont","Mahaska","Iowa","65436.17000000001",965,"67.80950259067356"
"Ely","Linn","Iowa","203045.5",3021,"67.21135385633885"
"Kanawha","Hancock","Iowa","83870.86000000002",1260,"66.56417460317466"
"Urbandale","Dallas","Iowa","969934.3700000007",14593,"66.46572808880914"
"Woodward","Dallas","Iowa","157256.11000000028",2388,"65.85264237855947"
"Keota","Keokuk","Iowa","119902.45",1823,"65.77205156335695"
"Colesburg","Delaware","Iowa","56803.29000000001",892,"63.680818385650255"
"Fairfax","Linn","Iowa","202342.4800000001",3194,"63.350807764558496"
"Lime Springs","Howard","Iowa","84070.45",1340,"62.73914179104479"
"Hamburg","Fremont","Iowa","97567.48999999993",1569,"62.18450605481193"
"Jesup","Buchanan","Iowa","263706.24",4247,"62.09235695785274"
"Villisca","Montgomery","Iowa","114473.78000000009",1900,"60.249357894736846"
"Albert City","Buena Vista","Iowa","58593.47",1003,"58.41821535393817"
"Lamont","Buchanan","Iowa","50323.51000000002",865,"58.177468208092485"
"Alta","Buena Vista","Iowa","161152.07",2778,"58.010104391648674"
"Ossian","Winneshiek","Iowa","73379.21000000004",1317,"55.71694001518604"
"Saint Charles","Madison","Iowa","157098.8900000001",2874,"54.662105080027814"
"Lone Tree","Johnson","Iowa","110599.79999999999",2048,"54.003808593749994"
"Coggon","Linn","Iowa","109463.31",2049,"53.42279648609071"
"Runnells","Polk","Iowa","160722.02",3101,"51.829093840696565"
"Alton","Sioux","Iowa","88180.02999999997",1713,"51.47695855224757"
"Prairie City","Jasper","Iowa","151290.11999999994",3009,"50.27920239282157"
"Fontanelle","Adair","Iowa","44053.77",959,"45.93719499478624"
"Seymour","Wayne","Iowa","57686.71",1264,"45.638219936708865"
"Van Meter","Dallas","Iowa","116240.22000000006",2622,"44.33265446224257"
"Casey","Guthrie","Iowa","40024.06",904,"44.27440265486723"
"Aurelia","Cherokee","Iowa","57842.17000000003",1321,"43.78665404996213"
"New London","Henry","Iowa","149537.5",3455,"43.281476121562925"
"Pomeroy","Calhoun","Iowa","33827.97",783,"43.203026819923366"
"Merrill","Plymouth","Iowa","73545.31999999999",1729,"42.536333140543675"
"Postville","Allamakee","Iowa","153122.98999999993",3669,"41.7342572908149"
"Walcott","Scott","Iowa","117566.50000000006",2821,"41.67546969159873"
"Wyoming","Jones","Iowa","46117.28",1127,"40.92039041703641"
"Melbourne","Marshall","Iowa","52203.18",1308,"39.910688073394496"
"Hinton","Plymouth","Iowa","74658.56000000003",1874,"39.83914621131269"
"New Providence","Hardin","Iowa","21419.819999999992",555,"38.59427027027026"
"Donnellson","Lee","Iowa","107039.19",2786,"38.420384063172996"
"Danville","Des Moines","Iowa","68553.02999999994",1798,"38.12738042269187"
"Calmar","Winneshiek","Iowa","68608.16000000003",1830,"37.49079781420765"
"Gilman","Marshall","Iowa","31940.970000000005",852,"37.48940140845071"
"Rudd","Floyd","Iowa","23137.67",619,"37.37911147011309"
"Aplington","Butler","Iowa","62020.54000000001",1779,"34.86258572231592"
"Tama","Tama","Iowa","136386.44",4067,"33.534900417998564"
"Morning Sun","Louisa","Iowa","46016.09",1451,"31.713363197794624"
"Murray","Clarke","Iowa","43576.500000000015",1375,"31.692"
"Hospers","Sioux","Iowa","38265.35000000002",1220,"31.365040983606555"
"Delhi","Delaware","Iowa","31152.80999999999",1017,"30.63206489675515"
"Moville","Woodbury","Iowa","61663.46000000002",2635,"23.401692599620475"
"Preston","Jackson","Iowa","31206.939999999995",1476,"21.142913279132806"
"Boyden","Sioux","Iowa","25992.86",1288,"20.180791925465844"
"Milo","Warren","Iowa","30272.639999999996",1589,"19.05137822529893"
"Sidney","Fremont","Iowa","26026.629999999997",1636,"15.908698044009784"
"Malcom","Poweshiek","Iowa","12852.89",905,"14.202088397790057"
"Everly","Clay","Iowa","11217.45",986,"11.376724137931033"
"Ireton","Sioux","Iowa","12503.869999999999",1112,"11.244487410071942"
"Washta","Cherokee","Iowa","5119.709999999999",458,"11.178406113537118"
"Bussey","Marion","Iowa","8972.279999999999",899,"9.980289210233593"
"Willmar","Kandiyohi","Minnesota","130693.75999999998",23562,"5.54680247856718"
"Olin","Jones","Iowa","4757.9",1138,"4.180931458699472"
"Colorado Springs","El Paso","Colorado","186.84",20168,"0.009264180880602935"
